heading,Period,surge_a,surge_p,sway_a,sway_p,heave_a,heave_p,roll_a,roll_p,pitch_a,pitch_p,yaw_a,yaw_p
0.0,0.5,0.0506,274.2865,0.0002,308.1342,0.0047,73.9165,0.0002,129.2745,0.0678,274.1938,0.0035,47.2486
0.0,0.6,0.1256,257.2774,0.0004,304.2365,0.0122,40.3153,0.0005,125.1759,0.161,257.1797,0.007,47.3922
0.0,0.7,0.2327,256.5412,0.0006,326.549,0.0241,24.1475,0.0008,147.9866,0.2816,256.4154,0.0113,51.1208
0.0,0.8,0.3386,260.836,0.0008,356.1631,0.04,15.0243,0.0009,178.8268,0.3817,260.6726,0.0155,55.7478
0.0,0.9,0.4242,264.6469,0.0007,23.1507,0.0587,9.3941,0.0008,207.9937,0.4394,264.4401,0.0192,58.8715
0.0,1.0,0.4912,267.0151,0.0007,44.5694,0.0781,5.6187,0.0007,232.4866,0.4614,266.761,0.0227,60.5162
0.0,1.2,0.5899,269.0964,0.0005,72.8886,0.1092,0.282,0.0005,266.8968,0.4392,268.7332,0.0294,61.6813
0.0,1.4,0.6599,269.747,0.0004,86.4639,0.1084,352.8857,0.0004,281.1658,0.3733,269.2451,0.0357,61.9526
0.0,1.6,0.7127,269.959,0.0004,84.8621,0.0544,293.4527,0.0004,268.8257,0.2958,269.2713,0.0415,62.0535
0.0,1.8,0.7549,270.0301,0.0005,62.225,0.4173,214.1241,0.0007,230.2587,0.2227,269.0813,0.0472,62.2076
0.0,2.0,0.7903,270.0223,0.002,97.327,3.4004,278.5499,0.0043,278.2671,0.1608,268.5433,0.0533,70.0454
0.0,2.2,0.8208,270.0751,0.0008,153.8803,1.5964,349.5927,0.0018,344.0059,0.1109,268.2213,0.0509,65.193
0.0,2.4,0.8474,270.0904,0.0006,154.3997,1.1897,356.1029,0.0012,348.789,0.072,267.3784,0.0542,64.5553
0.0,2.6,0.871,270.1034,0.0005,153.1088,1.0635,357.9598,0.001,350.0842,0.0423,265.7459,0.0567,64.672
0.0,2.8,0.8921,270.1164,0.0004,151.7749,1.0101,358.7494,0.0008,350.7454,0.0202,261.5175,0.0587,64.9652
0.0,3.0,0.9109,270.1294,0.0004,150.4511,0.9846,359.1584,0.0007,351.1988,0.0045,231.2352,0.0603,65.3279
0.0,3.2,0.9278,270.1424,0.0003,149.1016,0.9718,359.3975,0.0007,351.551,0.0089,107.2534,0.0617,65.7246
0.0,3.4,0.943,270.1553,0.0003,147.7072,0.9656,359.5491,0.0006,351.84,0.0174,98.248,0.0628,66.1399
0.0,3.6,0.9566,270.1679,0.0003,146.2642,0.9628,359.6512,0.0006,352.0835,0.0235,95.7414,0.0637,66.5656
0.0,3.8,0.9689,270.1802,0.0003,144.7773,0.9621,359.7232,0.0005,352.2921,0.0278,94.5812,0.0645,66.9971
0.0,4.0,0.98,270.1923,0.0003,143.2554,0.9624,359.7757,0.0005,352.4727,0.0306,93.9203,0.0652,67.4314
0.0,4.2,0.99,270.204,0.0002,141.7089,0.9634,359.8152,0.0004,352.6303,0.0324,93.4991,0.0658,67.8667
0.0,4.4,0.999,270.2155,0.0002,140.1491,0.9648,359.8455,0.0004,352.769,0.0333,93.2113,0.0662,68.3018
0.0,4.6,1.0072,270.2267,0.0002,138.5863,0.9663,359.8693,0.0004,352.8916,0.0337,93.0055,0.0666,68.7359
0.0,4.8,1.0146,270.2377,0.0002,137.0306,0.9679,359.8883,0.0004,353.0007,0.0337,92.8538,0.067,69.1685
0.0,5.0,1.0214,270.2485,0.0002,135.4909,0.9695,359.9036,0.0003,353.0982,0.0334,92.7397,0.0672,69.5992
0.0,5.2,1.0276,270.2591,0.0002,133.975,0.9711,359.9162,0.0003,353.1858,0.0328,92.6528,0.0675,70.0279
0.0,5.4,1.0332,270.2696,0.0002,132.4897,0.9726,359.9266,0.0003,353.2647,0.0321,92.5862,0.0677,70.4543
0.0,5.6,1.0383,270.28,0.0002,131.0406,0.974,359.9353,0.0003,353.3362,0.0312,92.5353,0.0678,70.8785
0.0,5.8,1.043,270.2902,0.0002,129.6323,0.9754,359.9427,0.0003,353.401,0.0303,92.4967,0.068,71.3004
0.0,6.0,1.0474,270.3004,0.0002,128.2684,0.9766,359.9489,0.0002,353.4601,0.0294,92.4679,0.0681,71.7201
0.0,6.25,1.0523,270.3129,0.0002,126.6298,0.9781,359.9555,0.0002,353.5268,0.0282,92.443,0.0682,72.2415
0.0,6.5,1.0567,270.3254,0.0002,125.0681,0.9795,359.961,0.0002,353.5867,0.027,92.428,0.0682,72.7596
0.0,7.0,1.0644,270.35,0.0002,122.1807,0.9819,359.9694,0.0002,353.6891,0.0246,92.4203,0.0683,73.7859
0.0,7.25,1.0677,270.3622,0.0002,120.8546,0.983,359.9728,0.0002,353.7331,0.0235,92.4249,0.0683,74.2945
0.0,7.5,1.0708,270.3744,0.0002,119.605,0.984,359.9756,0.0002,353.7731,0.0225,92.4339,0.0682,74.8001
0.0,7.75,1.0735,270.3865,0.0002,118.4296,0.9849,359.9781,0.0002,353.8094,0.0214,92.4467,0.0682,75.3029
0.0,8.0,1.0761,270.3985,0.0002,117.3256,0.9857,359.9802,0.0001,353.8426,0.0205,92.4625,0.0681,75.8031
0.0,8.25,1.0784,270.4106,0.0002,116.2898,0.9865,359.9821,0.0001,353.8728,0.0195,92.481,0.0681,76.3006
0.0,8.5,1.0806,270.4225,0.0001,115.319,0.9872,359.9837,0.0001,353.9005,0.0187,92.5018,0.068,76.7956
0.0,8.75,1.0825,270.4345,0.0001,114.4098,0.9878,359.9851,0.0001,353.9258,0.0178,92.5246,0.0679,77.2883
0.0,9.0,1.0843,270.4464,0.0001,113.5589,0.9885,359.9864,0.0001,353.949,0.0171,92.549,0.0678,77.7786
0.0,9.25,1.086,270.4584,0.0001,112.7627,0.989,359.9875,0.0001,353.9702,0.0163,92.5748,0.0677,78.2667
0.0,9.5,1.0876,270.4703,0.0001,112.0181,0.9896,359.9885,0.0001,353.9897,0.0156,92.6019,0.0676,78.7526
0.0,9.75,1.089,270.4821,0.0001,111.3219,0.9901,359.9894,0.0001,354.0075,0.015,92.63,0.0674,79.2365
0.0,10.0,1.0904,270.494,0.0001,110.6711,0.9905,359.9902,0.0001,354.0239,0.0143,92.659,0.0673,79.7182
0.0,10.5,1.0928,270.5177,0.0001,109.4942,0.9914,359.9916,0.0001,354.0526,0.0132,92.7192,0.067,80.6759
0.0,11.0,1.0949,270.5413,0.0001,108.4662,0.9921,359.9928,0.0001,354.0767,0.0121,92.7816,0.0667,81.626
0.0,11.5,1.0967,270.5649,0.0001,107.5684,0.9927,359.9937,0.0001,354.0966,0.0112,92.8454,0.0664,82.5688
0.0,12.0,1.0983,270.5884,0.0001,106.7845,0.9933,359.9945,0.0001,354.113,0.0104,92.91,0.066,83.5047
0.0,13.0,1.101,270.6353,0.0001,105.5035,0.9943,359.9957,0.0001,354.1368,0.009,93.0396,0.0653,85.3564
0.0,14.0,1.103,270.682,0.0001,104.531,0.995,359.9966,0.0,354.1508,0.0078,93.1675,0.0645,87.1823
0.0,15.0,1.1047,270.7286,0.0001,103.798,0.9956,359.9972,0.0,354.1569,0.0069,93.2911,0.0637,88.9834
0.0,16.0,1.106,270.7749,0.0001,103.2528,0.9962,359.9977,0.0,354.1566,0.0061,93.4087,0.0629,90.7602
0.0,17.0,1.107,270.821,0.0001,102.8564,0.9966,359.9981,0.0,354.151,0.0054,93.5188,0.062,92.5132
0.0,18.0,1.1078,270.8668,0.0001,102.5789,0.997,359.9984,0.0,354.1412,0.0048,93.6204,0.0611,94.2426
0.0,19.0,1.1085,270.9124,0.0001,102.3976,0.9973,359.9987,0.0,354.1278,0.0043,93.7126,0.0602,95.9485
0.0,20.0,1.109,270.9577,0.0001,102.2945,0.9975,359.9989,0.0,354.1115,0.0039,93.7946,0.0593,97.6312
0.0,40.0,1.1067,271.7852,0.0001,106.2325,0.9994,359.9999,0.0,353.713,0.0009,93.2044,0.0412,126.6577
45.0,0.5,0.0357,276.3986,0.0358,275.9603,0.0067,79.5968,0.0481,95.798,0.048,276.3992,0.0067,87.3824
45.0,0.6,0.088,258.0389,0.0881,258.5336,0.0139,48.1728,0.1128,78.7734,0.1128,258.0165,0.0118,275.8675
45.0,0.7,0.1638,256.6804,0.1636,257.2747,0.0251,28.6094,0.1977,77.49,0.1981,256.6068,0.0216,277.1826
45.0,0.8,0.2391,260.8009,0.2386,261.3134,0.0406,17.3765,0.2687,81.4678,0.2695,260.6784,0.0241,279.8333
45.0,0.9,0.3,264.5865,0.2993,264.9777,0.0591,10.7235,0.3098,85.0761,0.3107,264.4159,0.0232,283.6379
45.0,1.0,0.3476,266.9653,0.3468,267.2542,0.0784,6.4517,0.3257,87.3009,0.3265,266.7455,0.021,289.3033
45.0,1.2,0.4174,269.0682,0.4168,269.2403,0.1094,0.7448,0.3104,89.1878,0.3108,268.7395,0.0164,308.38
45.0,1.4,0.4669,269.7286,0.4665,269.8484,0.1085,353.3351,0.264,89.6906,0.2642,269.2632,0.0147,336.3419
45.0,1.6,0.5042,269.9454,0.5039,270.042,0.0536,294.1114,0.2093,89.777,0.2093,269.2975,0.0166,1.0463
45.0,1.8,0.534,270.0193,0.5338,270.1232,0.4162,213.9189,0.1576,89.8543,0.1576,269.1147,0.0207,16.0494
45.0,2.0,0.559,270.0124,0.557,270.1548,3.4016,278.4631,0.1097,89.8632,0.1138,268.5753,0.0281,36.5291
45.0,2.2,0.5806,270.0674,0.5799,270.051,1.596,349.561,0.0776,87.8493,0.0785,268.2729,0.0255,37.7525
45.0,2.4,0.5993,270.0836,0.5989,270.076,1.1895,356.0793,0.0505,87.078,0.051,267.4444,0.0286,39.5466
45.0,2.6,0.616,270.0973,0.6157,270.0913,1.0633,357.9421,0.0297,85.3161,0.03,265.8353,0.0314,41.7687
45.0,2.8,0.6309,270.1106,0.6306,270.1045,1.01,358.7357,0.0141,80.5648,0.0143,261.665,0.0337,43.6673
45.0,3.0,0.6442,270.124,0.644,270.1173,0.9845,359.1475,0.0032,46.1848,0.0032,231.8987,0.0357,45.2494
45.0,3.2,0.6562,270.1372,0.6559,270.13,0.9718,359.3885,0.0066,288.7838,0.0063,107.2387,0.0375,46.5825
45.0,3.4,0.6669,270.1502,0.6666,270.1425,0.9655,359.5417,0.0125,279.2474,0.0123,98.2556,0.039,47.7253
45.0,3.6,0.6765,270.1629,0.6763,270.1548,0.9628,359.645,0.0168,276.533,0.0166,95.7683,0.0403,48.7218
45.0,3.8,0.6852,270.1753,0.685,270.1668,0.962,359.7178,0.0198,275.2708,0.0196,94.6215,0.0415,49.6041
45.0,4.0,0.693,270.1874,0.6928,270.1786,0.9624,359.771,0.0218,274.5513,0.0216,93.9714,0.0425,50.3958
45.0,4.2,0.7001,270.1991,0.6999,270.1902,0.9634,359.8111,0.023,274.0929,0.0229,93.5596,0.0434,51.1146
45.0,4.4,0.7065,270.2105,0.7063,270.2014,0.9648,359.8419,0.0237,273.7801,0.0236,93.2804,0.0443,51.7739
45.0,4.6,0.7123,270.2217,0.7121,270.2125,0.9663,359.8661,0.024,273.5568,0.0238,93.083,0.045,52.3839
45.0,4.8,0.7176,270.2326,0.7173,270.2232,0.9679,359.8854,0.024,273.3924,0.0238,92.9395,0.0457,52.9528
45.0,5.0,0.7223,270.2433,0.7221,270.2338,0.9695,359.901,0.0237,273.269,0.0236,92.8335,0.0462,53.4869
45.0,5.2,0.7267,270.2539,0.7265,270.2442,0.9711,359.9138,0.0233,273.1751,0.0232,92.7547,0.0468,53.9912
45.0,5.4,0.7307,270.2642,0.7304,270.2545,0.9726,359.9245,0.0228,273.1034,0.0227,92.6963,0.0473,54.4701
45.0,5.6,0.7343,270.2745,0.7341,270.2646,0.974,359.9334,0.0222,273.0487,0.0221,92.6537,0.0477,54.9267
45.0,5.8,0.7376,270.2846,0.7374,270.2746,0.9754,359.9409,0.0216,273.0073,0.0214,92.6236,0.0481,55.364
45.0,6.0,0.7407,270.2946,0.7405,270.2844,0.9766,359.9473,0.0209,272.9767,0.0208,92.6035,0.0485,55.7844
45.0,6.25,0.7442,270.307,0.744,270.2966,0.9781,359.954,0.0201,272.9503,0.0199,92.5897,0.0489,56.2888
45.0,6.5,0.7473,270.3193,0.7471,270.3087,0.9795,359.9596,0.0192,272.9347,0.0191,92.5861,0.0493,56.7729
45.0,7.0,0.7528,270.3436,0.7525,270.3325,0.9819,359.9683,0.0176,272.9277,0.0174,92.6023,0.0499,57.6903
45.0,7.25,0.7551,270.3556,0.7549,270.3443,0.983,359.9717,0.0168,272.9335,0.0166,92.6195,0.0502,58.1275
45.0,7.5,0.7573,270.3675,0.757,270.356,0.984,359.9746,0.016,272.9442,0.0159,92.6415,0.0505,58.5526
45.0,7.75,0.7592,270.3795,0.759,270.3676,0.9849,359.9771,0.0153,272.959,0.0152,92.6677,0.0507,58.9668
45.0,8.0,0.761,270.3913,0.7608,270.3792,0.9857,359.9793,0.0146,272.9773,0.0145,92.6974,0.0509,59.3713
45.0,8.25,0.7627,270.4032,0.7624,270.3907,0.9865,359.9813,0.014,272.9987,0.0138,92.7302,0.0511,59.767
45.0,8.5,0.7642,270.415,0.764,270.4022,0.9872,359.9829,0.0133,273.0227,0.0132,92.7658,0.0512,60.1547
45.0,8.75,0.7656,270.4267,0.7653,270.4137,0.9878,359.9844,0.0128,273.049,0.0126,92.8038,0.0514,60.5351
45.0,9.0,0.7669,270.4385,0.7666,270.4251,0.9885,359.9857,0.0122,273.0773,0.0121,92.8439,0.0515,60.9089
45.0,9.25,0.768,270.4502,0.7678,270.4365,0.989,359.9869,0.0117,273.1075,0.0115,92.886,0.0517,61.2767
45.0,9.5,0.7691,270.4619,0.7689,270.4478,0.9896,359.9879,0.0112,273.1392,0.011,92.9297,0.0518,61.6388
45.0,9.75,0.7702,270.4736,0.77,270.4592,0.9901,359.9889,0.0107,273.1723,0.0106,92.9751,0.0519,61.9957
45.0,10.0,0.7711,270.4853,0.7709,270.4705,0.9905,359.9897,0.0103,273.2068,0.0101,93.0218,0.052,62.3478
45.0,10.5,0.7728,270.5086,0.7726,270.4931,0.9913,359.9912,0.0095,273.2789,0.0093,93.119,0.0521,63.0389
45.0,11.0,0.7743,270.5318,0.7741,270.5156,0.9921,359.9923,0.0087,273.3549,0.0086,93.2204,0.0523,63.7142
45.0,11.5,0.7756,270.555,0.7754,270.5381,0.9927,359.9933,0.0081,273.434,0.0079,93.3254,0.0524,64.3757
45.0,12.0,0.7767,270.5782,0.7765,270.5605,0.9933,359.9941,0.0075,273.5156,0.0073,93.4333,0.0524,65.0247
45.0,13.0,0.7786,270.6243,0.7784,270.6052,0.9942,359.9954,0.0065,273.6853,0.0063,93.6564,0.0525,66.2901
45.0,14.0,0.7801,270.6703,0.7799,270.6497,0.995,359.9963,0.0057,273.8613,0.0055,93.8866,0.0525,67.5176
45.0,15.0,0.7812,270.7162,0.7811,270.694,0.9956,359.997,0.005,274.0421,0.0048,94.1218,0.0525,68.7123
45.0,16.0,0.7822,270.7618,0.782,270.7381,0.9962,359.9975,0.0044,274.2265,0.0043,94.36,0.0524,69.8779
45.0,17.0,0.7829,270.8072,0.7827,270.782,0.9966,359.9979,0.0039,274.4135,0.0038,94.6,0.0522,71.017
45.0,18.0,0.7835,270.8524,0.7833,270.8256,0.997,359.9983,0.0035,274.6025,0.0034,94.8404,0.0521,72.1314
45.0,19.0,0.784,270.8974,0.7838,270.8691,0.9973,359.9985,0.0032,274.7931,0.003,95.0803,0.0519,73.2228
45.0,20.0,0.7843,270.9421,0.7842,270.9123,0.9975,359.9987,0.0029,274.9846,0.0027,95.3187,0.0516,74.2921
45.0,40.0,0.7829,271.7639,0.783,271.7081,0.9994,359.9998,0.0007,278.761,0.0006,98.9573,0.0443,91.7807
90.0,0.5,0.0002,125.6879,0.0506,274.2854,0.0055,78.146,0.0679,93.8135,0.0002,125.8888,0.001,74.7935
90.0,0.6,0.0004,124.6746,0.1244,258.1823,0.0141,49.398,0.1594,78.1304,0.0005,125.8461,0.0018,41.5296
90.0,0.7,0.0007,147.5972,0.2309,257.1503,0.0257,30.7608,0.2791,77.2439,0.0008,149.3296,0.003,25.3704
90.0,0.8,0.0008,176.4577,0.3372,261.2128,0.0411,18.9917,0.3798,81.316,0.001,178.5631,0.0045,16.9133
90.0,0.9,0.0008,201.7748,0.4234,264.9023,0.0595,11.8016,0.4383,84.979,0.0009,204.0737,0.0061,11.9713
90.0,1.0,0.0007,220.8123,0.4908,267.2025,0.0787,7.1928,0.461,87.2411,0.0008,223.0829,0.0078,8.8632
90.0,1.2,0.0005,243.7629,0.5899,269.2117,0.1097,1.1934,0.4394,89.1594,0.0005,245.2195,0.0113,5.5202
90.0,1.4,0.0004,255.0473,0.6601,269.8258,0.1087,353.7799,0.3737,89.6651,0.0004,254.7851,0.0147,4.1194
90.0,1.6,0.0003,260.6717,0.713,270.0198,0.0528,294.8829,0.2963,89.7366,0.0003,258.0214,0.0179,3.7606
90.0,1.8,0.0003,263.38,0.7553,270.0966,0.4151,213.7395,0.2233,89.7542,0.0002,257.7498,0.0211,4.7928
90.0,2.0,0.0002,264.7672,0.7887,270.1479,3.4036,278.3914,0.157,89.9318,0.0002,257.4779,0.0212,20.0133
90.0,2.2,0.0002,265.3715,0.8204,270.056,1.5955,349.5455,0.11,88.1345,0.0002,254.3734,0.0213,2.7625
90.0,2.4,0.0002,265.2367,0.8472,270.0755,1.1893,356.0664,0.0716,87.3512,0.0001,250.0612,0.0236,2.3266
90.0,2.6,0.0002,264.8935,0.8709,270.0897,1.0632,357.9325,0.0421,85.6908,0.0001,245.545,0.0251,2.4295
90.0,2.8,0.0002,264.4329,0.892,270.103,1.0099,358.7284,0.02,81.2788,0.0001,240.8634,0.0263,2.5878
90.0,3.0,0.0002,263.92,0.9109,270.1162,0.9845,359.1418,0.0044,49.0838,0.0001,236.1774,0.0272,2.7579
90.0,3.2,0.0002,263.3952,0.9278,270.1295,0.9717,359.384,0.0091,287.729,0.0001,231.6365,0.0279,2.932
90.0,3.4,0.0002,262.8822,0.9429,270.1427,0.9655,359.538,0.0176,278.6474,0.0001,227.3539,0.0286,3.1075
90.0,3.6,0.0002,262.3944,0.9566,270.1556,0.9628,359.6418,0.0237,276.0881,0.0001,223.4012,0.0291,3.2838
90.0,3.8,0.0002,261.9384,0.9689,270.1684,0.962,359.7152,0.0279,274.8989,0.0001,219.813,0.0296,3.4605
90.0,4.0,0.0002,261.5172,0.9799,270.1809,0.9624,359.7688,0.0307,274.2198,0.0001,216.5952,0.03,3.6373
90.0,4.2,0.0001,261.1312,0.9899,270.1931,0.9634,359.8091,0.0325,273.7859,0.0001,213.7341,0.0303,3.8142
90.0,4.4,0.0001,260.7794,0.999,270.205,0.9648,359.8402,0.0335,273.4885,0.0001,211.2045,0.0306,3.9912
90.0,4.6,0.0001,260.46,1.0072,270.2166,0.9663,359.8646,0.0339,273.2751,0.0001,208.9759,0.0309,4.1681
90.0,4.8,0.0001,260.171,1.0146,270.228,0.9679,359.884,0.0339,273.1171,0.0001,207.0163,0.0311,4.3451
90.0,5.0,0.0001,259.9098,1.0213,270.2392,0.9695,359.8998,0.0335,272.9975,0.0001,205.2945,0.0313,4.522
90.0,5.2,0.0001,259.6744,1.0275,270.2501,0.9711,359.9127,0.033,272.9058,0.0001,203.7817,0.0315,4.6988
90.0,5.4,0.0001,259.4624,1.0331,270.2609,0.9726,359.9235,0.0322,272.8349,0.0001,202.452,0.0317,4.8756
90.0,5.6,0.0001,259.2717,1.0383,270.2716,0.974,359.9325,0.0314,272.78,0.0001,201.2823,0.0318,5.0524
90.0,5.8,0.0001,259.1003,1.043,270.2821,0.9753,359.94,0.0305,272.7376,0.0001,200.2526,0.032,5.2291
90.0,6.0,0.0001,258.9466,1.0473,270.2924,0.9766,359.9465,0.0296,272.7054,0.0001,199.3453,0.0321,5.4057
90.0,6.25,0.0001,258.7766,1.0522,270.3053,0.9781,359.9533,0.0284,272.6765,0.0001,198.3607,0.0322,5.6264
90.0,6.5,0.0001,258.6288,1.0567,270.3179,0.9795,359.959,0.0272,272.6577,0.0001,197.5187,0.0323,5.847
90.0,7.0,0.0001,258.3894,1.0644,270.3429,0.9819,359.9678,0.0248,272.6432,0.0001,196.183,0.0325,6.2878
90.0,7.25,0.0001,258.2938,1.0677,270.3553,0.983,359.9712,0.0237,272.6448,0.0001,195.6573,0.0326,6.508
90.0,7.5,0.0001,258.2118,1.0707,270.3675,0.9839,359.9742,0.0226,272.651,0.0001,195.2092,0.0327,6.728
90.0,7.75,0.0001,258.142,1.0735,270.3797,0.9849,359.9767,0.0216,272.6612,0.0001,194.8286,0.0327,6.9479
90.0,8.0,0.0001,258.0831,1.076,270.3919,0.9857,359.979,0.0207,272.6748,0.0001,194.5068,0.0328,7.1676
90.0,8.25,0.0001,258.0338,1.0784,270.404,0.9865,359.9809,0.0197,272.6913,0.0001,194.2364,0.0328,7.3871
90.0,8.5,0.0001,257.9932,1.0805,270.416,0.9872,359.9826,0.0189,272.7103,0.0001,194.0111,0.0329,7.6065
90.0,8.75,0.0001,257.9603,1.0825,270.428,0.9878,359.9841,0.018,272.7315,0.0001,193.8256,0.0329,7.8257
90.0,9.0,0.0001,257.9344,1.0843,270.44,0.9885,359.9854,0.0172,272.7547,0.0001,193.6753,0.0329,8.0446
90.0,9.25,0.0001,257.9147,1.086,270.4519,0.989,359.9866,0.0165,272.7796,0.0001,193.5562,0.0329,8.2634
90.0,9.5,0.0001,257.9007,1.0875,270.4638,0.9896,359.9877,0.0158,272.8061,0.0001,193.4649,0.033,8.4819
90.0,9.75,0.0001,257.8918,1.089,270.4756,0.9901,359.9886,0.0151,272.8339,0.0001,193.3984,0.033,8.7002
90.0,10.0,0.0001,257.8874,1.0903,270.4875,0.9905,359.9895,0.0145,272.863,0.0001,193.3542,0.033,8.9183
90.0,10.5,0.0001,257.8906,1.0927,270.5111,0.9913,359.9909,0.0134,272.9244,0.0001,193.3233,0.033,9.3538
90.0,11.0,0.0001,257.9073,1.0948,270.5346,0.9921,359.9921,0.0123,272.9895,0.0001,193.3574,0.033,9.7882
90.0,11.5,0.0001,257.9352,1.0966,270.5581,0.9927,359.9931,0.0114,273.0576,0.0001,193.4446,0.033,10.2216
90.0,12.0,0.0001,257.9721,1.0983,270.5815,0.9933,359.994,0.0106,273.1283,0.0001,193.5755,0.033,10.6539
90.0,13.0,0.0001,258.0672,1.1009,270.6281,0.9942,359.9952,0.0092,273.2759,0.0001,193.9406,0.033,11.5149
90.0,14.0,0.0001,258.1829,1.103,270.6745,0.995,359.9962,0.008,273.4297,0.0001,194.409,0.033,12.3709
90.0,15.0,0.0001,258.3124,1.1046,270.7207,0.9956,359.9969,0.0071,273.5883,0.0001,194.9511,0.0329,13.2215
90.0,16.0,0.0001,258.4511,1.1059,270.7666,0.9962,359.9974,0.0063,273.7503,0.0001,195.5469,0.0328,14.0663
90.0,17.0,0.0001,258.5954,1.107,270.8123,0.9966,359.9979,0.0056,273.9151,0.0001,196.1818,0.0327,14.905
90.0,18.0,0.0001,258.7432,1.1078,270.8578,0.997,359.9982,0.005,274.0818,0.0001,196.8454,0.0326,15.7373
90.0,19.0,0.0001,258.8925,1.1084,270.903,0.9973,359.9985,0.0045,274.25,0.0001,197.53,0.0325,16.563
90.0,20.0,0.0001,259.0422,1.1089,270.9479,0.9975,359.9987,0.0041,274.4192,0.0001,198.2297,0.0324,17.3817
90.0,40.0,0.0001,261.6415,1.1068,271.7703,0.9994,359.9998,0.001,277.7474,0.0001,212.1164,0.0289,32.0297
135.0,0.5,0.0359,96.6132,0.0356,275.7677,0.0067,79.6018,0.0478,95.6033,0.0482,96.6167,0.0049,269.9091
135.0,0.6,0.0884,78.3154,0.0877,258.2748,0.0139,48.1651,0.1123,78.5076,0.1133,78.3031,0.0146,85.1734
135.0,0.7,0.1641,76.9956,0.1633,256.9685,0.0251,28.5976,0.1973,77.1721,0.1985,76.9359,0.0248,84.1697
135.0,0.8,0.239,81.0762,0.2387,261.0424,0.0406,17.3657,0.2689,81.1824,0.2693,80.9699,0.0274,81.0488
135.0,0.9,0.2995,84.7778,0.2998,264.7884,0.0591,10.7144,0.3104,84.8722,0.3101,84.6234,0.0266,76.1946
135.0,1.0,0.3469,87.0828,0.3475,267.1378,0.0784,6.444,0.3264,87.1713,0.3257,86.8779,0.0244,69.7396
135.0,1.2,0.4168,89.1098,0.4175,269.1991,0.1094,0.7381,0.311,89.1372,0.3102,88.7934,0.02,51.5622
135.0,1.4,0.4663,89.745,0.467,269.8325,0.1085,353.3268,0.2645,89.668,0.2637,89.2917,0.0182,28.3957
135.0,1.6,0.5038,89.9529,0.5044,270.0351,0.0536,294.1118,0.2097,89.7651,0.2089,89.3199,0.0194,8.035
135.0,1.8,0.5336,90.0236,0.5342,270.12,0.4162,213.9276,0.158,89.8473,0.1573,89.141,0.0223,356.1199
135.0,2.0,0.5586,90.0159,0.5573,270.1542,3.4012,278.4663,0.1099,89.8698,0.1135,88.6108,0.0174,354.8786
135.0,2.2,0.5803,90.0698,0.5802,270.0503,1.596,349.5611,0.0778,87.8515,0.0783,88.3235,0.026,330.6659
135.0,2.4,0.5991,90.086,0.5992,270.0757,1.1895,356.0795,0.0507,87.084,0.0508,87.5333,0.0296,328.5554
135.0,2.6,0.6158,90.0998,0.616,270.0912,1.0633,357.9423,0.0299,85.3352,0.0298,85.999,0.0323,326.4331
135.0,2.8,0.6307,90.1133,0.6309,270.1046,1.01,358.7359,0.0143,80.6483,0.0142,82.0072,0.0345,324.7122
135.0,3.0,0.644,90.1269,0.6442,270.1175,0.9845,359.1477,0.0033,47.6854,0.003,52.0701,0.0364,323.3566
135.0,3.2,0.6559,90.1403,0.6561,270.1302,0.9718,359.3887,0.0064,289.1242,0.0064,285.8522,0.038,322.2878
135.0,3.4,0.6667,90.1535,0.6669,270.1428,0.9655,359.5418,0.0124,279.3308,0.0124,277.5809,0.0394,321.4395
135.0,3.6,0.6763,90.1663,0.6765,270.1551,0.9628,359.645,0.0167,276.5741,0.0167,275.2626,0.0406,320.7618
135.0,3.8,0.685,90.1789,0.6852,270.1672,0.962,359.7179,0.0197,275.2972,0.0197,274.1825,0.0417,320.2178
135.0,4.0,0.6928,90.191,0.693,270.179,0.9624,359.7711,0.0217,274.5706,0.0217,273.5626,0.0427,319.78
135.0,4.2,0.6999,90.2029,0.7001,270.1906,0.9634,359.8111,0.023,274.1082,0.0229,273.1634,0.0436,319.4278
135.0,4.4,0.7063,90.2144,0.7065,270.2019,0.9648,359.8419,0.0237,273.7929,0.0236,272.8871,0.0443,319.1455
135.0,4.6,0.7121,90.2257,0.7123,270.2129,0.9663,359.8661,0.0239,273.5679,0.0239,272.6863,0.045,318.921
135.0,4.8,0.7173,90.2367,0.7175,270.2237,0.9679,359.8854,0.0239,273.4023,0.0239,272.535,0.0456,318.7448
135.0,5.0,0.7221,90.2475,0.7223,270.2344,0.9695,359.9011,0.0237,273.278,0.0236,272.418,0.0462,318.6092
135.0,5.2,0.7265,90.2581,0.7267,270.2448,0.9711,359.9139,0.0233,273.1835,0.0232,272.3258,0.0466,318.5083
135.0,5.4,0.7305,90.2685,0.7306,270.2551,0.9726,359.9245,0.0228,273.1113,0.0227,272.2519,0.0471,318.437
135.0,5.6,0.7341,90.2788,0.7343,270.2652,0.974,359.9334,0.0222,273.0561,0.0221,272.1921,0.0475,318.3913
135.0,5.8,0.7374,90.289,0.7376,270.2752,0.9754,359.9409,0.0216,273.0144,0.0215,272.1432,0.0479,318.368
135.0,6.0,0.7405,90.299,0.7407,270.2851,0.9766,359.9473,0.0209,272.9835,0.0208,272.1029,0.0482,318.364
135.0,6.25,0.744,90.3115,0.7442,270.2973,0.9781,359.954,0.02,272.9568,0.02,272.0623,0.0486,318.383
135.0,6.5,0.7471,90.3238,0.7473,270.3094,0.9795,359.9596,0.0192,272.941,0.0191,272.03,0.0489,318.4249
135.0,7.0,0.7526,90.3482,0.7527,270.3332,0.9819,359.9683,0.0175,272.9337,0.0175,271.9842,0.0495,318.5654
135.0,7.25,0.7549,90.3602,0.7551,270.345,0.983,359.9717,0.0168,272.9394,0.0167,271.9681,0.0498,318.6593
135.0,7.5,0.7571,90.3722,0.7572,270.3567,0.984,359.9746,0.016,272.95,0.0159,271.9555,0.05,318.7663
135.0,7.75,0.759,90.3841,0.7592,270.3684,0.9849,359.9772,0.0153,272.9648,0.0152,271.9456,0.0502,318.885
135.0,8.0,0.7608,90.396,0.761,270.38,0.9857,359.9793,0.0146,272.9831,0.0145,271.9381,0.0503,319.0138
135.0,8.25,0.7625,90.4079,0.7626,270.3916,0.9865,359.9813,0.0139,273.0044,0.0139,271.9323,0.0505,319.1518
135.0,8.5,0.764,90.4197,0.7641,270.4031,0.9872,359.9829,0.0133,273.0284,0.0132,271.928,0.0506,319.2979
135.0,8.75,0.7654,90.4315,0.7655,270.4146,0.9878,359.9844,0.0127,273.0547,0.0127,271.925,0.0508,319.4513
135.0,9.0,0.7667,90.4432,0.7668,270.426,0.9885,359.9857,0.0122,273.083,0.0121,271.9228,0.0509,319.6111
135.0,9.25,0.7678,90.455,0.768,270.4374,0.989,359.9869,0.0117,273.1131,0.0116,271.9215,0.051,319.7768
135.0,9.5,0.7689,90.4667,0.7691,270.4488,0.9896,359.988,0.0112,273.1449,0.0111,271.9206,0.0511,319.9477
135.0,9.75,0.77,90.4784,0.7701,270.4602,0.9901,359.9889,0.0107,273.178,0.0106,271.9202,0.0512,320.1233
135.0,10.0,0.7709,90.49,0.7711,270.4716,0.9905,359.9897,0.0103,273.2125,0.0102,271.9201,0.0512,320.3032
135.0,10.5,0.7726,90.5133,0.7728,270.4942,0.9913,359.9912,0.0095,273.2847,0.0094,271.9202,0.0513,320.6741
135.0,11.0,0.7741,90.5366,0.7743,270.5168,0.9921,359.9923,0.0087,273.3608,0.0086,271.9202,0.0514,321.0577
135.0,11.5,0.7754,90.5598,0.7756,270.5393,0.9927,359.9933,0.0081,273.44,0.008,271.9195,0.0515,321.4515
135.0,12.0,0.7765,90.5829,0.7767,270.5618,0.9933,359.9941,0.0075,273.5218,0.0074,271.9177,0.0515,321.8538
135.0,13.0,0.7784,90.6291,0.7786,270.6065,0.9942,359.9954,0.0065,273.6917,0.0064,271.909,0.0515,322.6775
135.0,14.0,0.7799,90.675,0.7801,270.6511,0.995,359.9963,0.0057,273.868,0.0056,271.892,0.0514,323.5192
135.0,15.0,0.781,90.7208,0.7813,270.6955,0.9956,359.997,0.005,274.0492,0.0049,271.865,0.0513,324.3715
135.0,16.0,0.782,90.7664,0.7822,270.7397,0.9962,359.9975,0.0044,274.2339,0.0043,271.8271,0.0511,325.2292
135.0,17.0,0.7827,90.8118,0.7829,270.7837,0.9966,359.9979,0.0039,274.4213,0.0038,271.7774,0.0509,326.0883
135.0,18.0,0.7833,90.8569,0.7835,270.8275,0.997,359.9983,0.0035,274.6107,0.0034,271.7156,0.0507,326.9455
135.0,19.0,0.7838,90.9018,0.784,270.871,0.9973,359.9985,0.0032,274.8016,0.0031,271.6412,0.0504,327.7983
135.0,20.0,0.7841,90.9465,0.7844,270.9143,0.9975,359.9987,0.0029,274.9936,0.0028,271.5542,0.0501,328.6447
135.0,40.0,0.7827,91.7668,0.7832,271.7119,0.9994,359.9998,0.0007,278.7783,0.0007,267.39,0.0422,343.0298
180.0,0.5,0.0506,94.2833,0.0002,125.9749,0.0047,73.9196,0.0002,305.7511,0.0678,94.1907,0.0015,197.3245
180.0,0.6,0.1256,77.2758,0.0004,125.6297,0.0122,40.3138,0.0005,307.1316,0.161,77.1784,0.0029,235.8642
180.0,0.7,0.2327,76.5402,0.0007,148.2934,0.0241,24.1459,0.0009,330.3173,0.2816,76.4147,0.0059,257.889
180.0,0.8,0.3386,80.8352,0.0008,176.5373,0.04,15.0231,0.001,358.2859,0.3817,80.6724,0.0098,271.4257
180.0,0.9,0.4242,84.6462,0.0008,200.623,0.0587,9.3934,0.001,21.2677,0.4394,84.4402,0.0137,280.0065
180.0,1.0,0.4912,87.0146,0.0007,217.836,0.0781,5.6183,0.0009,36.514,0.4614,86.7614,0.0176,285.3692
180.0,1.2,0.5899,89.0961,0.0005,236.2925,0.1092,0.2819,0.0006,48.9783,0.4392,88.7349,0.0251,291.1775
180.0,1.4,0.6599,89.7471,0.0004,244.9815,0.1084,352.8856,0.0004,51.5604,0.3733,89.2489,0.0318,294.1846
180.0,1.6,0.7127,89.9593,0.0003,258.2757,0.0544,293.4516,0.0002,70.8708,0.2958,89.2787,0.0377,296.2235
180.0,1.8,0.7549,90.0309,0.0002,325.2195,0.4173,214.1246,0.0005,193.7954,0.2227,89.0951,0.0428,298.4343
180.0,2.0,0.7903,90.0234,0.0015,99.7243,3.4004,278.55,0.0039,278.7312,0.1607,88.5647,0.0413,301.9506
180.0,2.2,0.8208,90.0763,0.0007,184.9034,1.5964,349.5923,0.0017,353.8363,0.1109,88.2567,0.0484,296.4943
180.0,2.4,0.8474,90.0919,0.0005,196.5808,1.1897,356.1027,0.0012,1.5758,0.072,87.4439,0.0521,297.7556
180.0,2.6,0.871,90.1051,0.0004,201.2996,1.0635,357.9596,0.001,3.837,0.0423,85.8721,0.0547,298.6013
180.0,2.8,0.8921,90.1183,0.0004,204.1762,1.0101,358.7493,0.0008,4.7371,0.0202,81.8057,0.0569,299.2848
180.0,3.0,0.9109,90.1315,0.0004,206.3939,0.9846,359.1583,0.0007,5.1425,0.0044,52.2661,0.0587,299.8866
180.0,3.2,0.9278,90.1447,0.0003,208.3529,0.9718,359.3974,0.0007,5.3331,0.0089,286.477,0.0602,300.44
180.0,3.4,0.943,90.1577,0.0003,210.2134,0.9656,359.5491,0.0006,5.4207,0.0174,277.8203,0.0616,300.9613
180.0,3.6,0.9566,90.1704,0.0003,212.044,0.9628,359.6512,0.0006,5.4556,0.0235,275.409,0.0627,301.4597
180.0,3.8,0.9689,90.1828,0.0003,213.8735,0.9621,359.7231,0.0005,5.4627,0.0278,274.2877,0.0637,301.941
180.0,4.0,0.98,90.195,0.0003,215.7119,0.9624,359.7757,0.0005,5.4548,0.0306,273.6445,0.0646,302.4087
180.0,4.2,0.99,90.2068,0.0002,217.5597,0.9634,359.8151,0.0004,5.4389,0.0324,273.2302,0.0653,302.8654
180.0,4.4,0.999,90.2183,0.0002,219.4128,0.9648,359.8455,0.0004,5.4189,0.0333,272.9433,0.066,303.313
180.0,4.6,1.0072,90.2296,0.0002,221.2646,0.9663,359.8693,0.0004,5.3971,0.0337,272.7345,0.0666,303.7528
180.0,4.8,1.0146,90.2407,0.0002,223.1075,0.9679,359.8882,0.0004,5.3747,0.0337,272.577,0.0672,304.1858
180.0,5.0,1.0214,90.2515,0.0002,224.934,0.9695,359.9036,0.0003,5.3524,0.0334,272.455,0.0677,304.6128
180.0,5.2,1.0275,90.2622,0.0002,226.7367,0.9711,359.9162,0.0003,5.3306,0.0328,272.3586,0.0681,305.0345
180.0,5.4,1.0332,90.2727,0.0002,228.5089,0.9726,359.9266,0.0003,5.3095,0.0321,272.2812,0.0685,305.4515
180.0,5.6,1.0383,90.2831,0.0002,230.2447,0.974,359.9353,0.0003,5.2893,0.0313,272.2182,0.0688,305.8641
180.0,5.8,1.043,90.2934,0.0002,231.9391,0.9754,359.9427,0.0003,5.2698,0.0304,272.1666,0.0692,306.2728
180.0,6.0,1.0474,90.3036,0.0002,233.5878,0.9766,359.9489,0.0002,5.2512,0.0294,272.1239,0.0695,306.6779
180.0,6.25,1.0523,90.3162,0.0002,235.5799,0.9781,359.9555,0.0002,5.2289,0.0282,272.0805,0.0698,307.1796
180.0,6.5,1.0567,90.3286,0.0002,237.4913,0.9795,359.961,0.0002,5.2077,0.027,272.0458,0.0701,307.6765
180.0,7.0,1.0644,90.3533,0.0002,241.0628,0.9819,359.9694,0.0002,5.1679,0.0247,271.9954,0.0706,308.6576
180.0,7.25,1.0677,90.3655,0.0002,242.7222,0.983,359.9727,0.0002,5.1492,0.0236,271.9772,0.0708,309.1424
180.0,7.5,1.0708,90.3777,0.0001,244.2986,0.984,359.9756,0.0002,5.1311,0.0225,271.9626,0.071,309.6237
180.0,7.75,1.0735,90.3898,0.0001,245.7941,0.9849,359.9781,0.0002,5.1135,0.0215,271.9507,0.0711,310.1018
180.0,8.0,1.0761,90.4018,0.0001,247.2115,0.9857,359.9802,0.0001,5.0964,0.0205,271.9411,0.0713,310.5768
180.0,8.25,1.0784,90.4139,0.0001,248.5539,0.9865,359.982,0.0001,5.0797,0.0196,271.9334,0.0714,311.049
180.0,8.5,1.0805,90.4259,0.0001,249.8248,0.9872,359.9837,0.0001,5.0633,0.0187,271.9271,0.0715,311.5184
180.0,8.75,1.0825,90.4378,0.0001,251.0276,0.9878,359.9851,0.0001,5.0473,0.0179,271.9219,0.0717,311.9852
180.0,9.0,1.0843,90.4497,0.0001,252.1662,0.9885,359.9864,0.0001,5.0315,0.0171,271.9176,0.0717,312.4496
180.0,9.25,1.086,90.4617,0.0001,253.2441,0.989,359.9875,0.0001,5.0159,0.0163,271.9141,0.0718,312.9115
180.0,9.5,1.0876,90.4736,0.0001,254.2649,0.9896,359.9885,0.0001,5.0004,0.0156,271.911,0.0719,313.3712
180.0,9.75,1.089,90.4854,0.0001,255.2321,0.9901,359.9894,0.0001,4.9851,0.015,271.9082,0.072,313.8287
180.0,10.0,1.0903,90.4973,0.0001,256.149,0.9905,359.9902,0.0001,4.97,0.0144,271.9056,0.072,314.2841
180.0,10.5,1.0928,90.5209,0.0001,257.8447,0.9914,359.9916,0.0001,4.94,0.0132,271.9005,0.0721,315.1888
180.0,11.0,1.0948,90.5445,0.0001,259.3755,0.9921,359.9928,0.0001,4.9103,0.0122,271.8949,0.0721,316.0856
180.0,11.5,1.0967,90.5681,0.0001,260.7623,0.9927,359.9937,0.0001,4.8807,0.0113,271.8881,0.0722,316.9751
180.0,12.0,1.0983,90.5916,0.0001,262.0232,0.9933,359.9945,0.0001,4.8513,0.0104,271.8795,0.0722,317.8575
180.0,13.0,1.1009,90.6385,0.0001,264.2287,0.9943,359.9957,0.0001,4.7928,0.009,271.8558,0.0721,319.6019
180.0,14.0,1.103,90.6851,0.0001,266.0949,0.995,359.9966,0.0001,4.7345,0.0079,271.8214,0.072,321.3201
180.0,15.0,1.1046,90.7316,0.0001,267.6981,0.9956,359.9972,0.0,4.6765,0.0069,271.7745,0.0718,323.013
180.0,16.0,1.1059,90.7778,0.0001,269.0956,0.9962,359.9977,0.0,4.6188,0.0061,271.7143,0.0715,324.6813
180.0,17.0,1.1069,90.8238,0.0001,270.3304,0.9966,359.9981,0.0,4.5616,0.0054,271.64,0.0712,326.3251
180.0,18.0,1.1078,90.8695,0.0001,271.4349,0.997,359.9984,0.0,4.505,0.0049,271.5513,0.0709,327.9449
180.0,19.0,1.1084,90.915,0.0001,272.4342,0.9973,359.9987,0.0,4.4494,0.0044,271.448,0.0705,329.5406
180.0,20.0,1.1089,90.9602,0.0001,273.3476,0.9975,359.9989,0.0,4.3949,0.004,271.3303,0.0701,331.1124
180.0,40.0,1.1066,91.7863,0.0001,284.6949,0.9994,359.9999,0.0,3.7322,0.001,266.8877,0.0587,357.7321
225.0,0.5,0.0357,97.0464,0.0358,96.6249,0.0067,80.1632,0.048,276.4703,0.0479,97.0492,0.0055,62.9222
225.0,0.6,0.0881,78.5161,0.0881,78.9951,0.0139,48.5019,0.1128,259.2419,0.1129,78.4969,0.0167,278.9568
225.0,0.7,0.1639,77.04,0.1636,77.6185,0.0252,28.8504,0.1976,257.8443,0.1983,76.9706,0.0312,274.0072
225.0,0.8,0.2392,81.074,0.2386,81.582,0.0407,17.5545,0.2687,261.7517,0.2697,80.9552,0.0392,273.9471
225.0,0.9,0.3001,84.7994,0.2992,85.1954,0.0591,10.8533,0.3098,265.3151,0.3109,84.6321,0.0434,275.2909
225.0,1.0,0.3477,87.1359,0.3468,87.436,0.0784,6.5442,0.3256,267.5113,0.3267,86.9195,0.0457,277.1146
225.0,1.2,0.4175,89.1853,0.4168,89.3744,0.1095,0.7784,0.3104,269.367,0.311,88.8614,0.0482,281.101
225.0,1.4,0.467,89.8147,0.4665,89.9487,0.1086,353.3036,0.264,269.8447,0.2644,89.3572,0.0501,284.9202
225.0,1.6,0.5043,90.0118,0.504,90.1083,0.0539,294.0932,0.2094,269.8556,0.2095,89.3777,0.0519,288.389
225.0,1.8,0.5341,90.0728,0.5341,90.1306,0.4164,214.0442,0.1582,269.573,0.1577,89.1934,0.054,291.9867
225.0,2.0,0.559,90.0615,0.5605,90.2384,3.4024,278.5328,0.1177,270.4026,0.1139,88.6952,0.0505,300.9763
225.0,2.2,0.5806,90.1045,0.5802,90.2303,1.5961,349.6108,0.0783,270.3725,0.0786,88.3729,0.0523,294.1006
225.0,2.4,0.5994,90.1154,0.599,90.2018,1.1896,356.1156,0.0507,269.7494,0.051,87.5855,0.0543,295.7924
225.0,2.6,0.6161,90.1251,0.6157,90.1929,1.0634,357.9702,0.0297,269.0125,0.0301,86.0733,0.0554,297.3209
225.0,2.8,0.631,90.1353,0.6306,90.191,1.01,358.7581,0.014,267.295,0.0144,82.1879,0.0562,298.6525
225.0,3.0,0.6443,90.1462,0.644,90.1928,0.9845,359.1659,0.0025,252.4832,0.0032,54.5221,0.0569,299.834
225.0,3.2,0.6562,90.1575,0.6559,90.1968,0.9718,359.4039,0.0062,97.2468,0.0062,286.285,0.0574,300.8994
225.0,3.4,0.6669,90.1688,0.6667,90.2023,0.9655,359.5547,0.0123,93.7301,0.0122,277.6695,0.0578,301.8727
225.0,3.6,0.6766,90.1802,0.6763,90.2087,0.9628,359.6561,0.0167,92.7694,0.0165,275.3015,0.0582,302.7713
225.0,3.8,0.6852,90.1914,0.685,90.2157,0.962,359.7275,0.0197,92.3287,0.0196,274.2045,0.0585,303.6083
225.0,4.0,0.6931,90.2025,0.6928,90.2232,0.9624,359.7795,0.0217,92.0817,0.0216,273.5761,0.0588,304.3938
225.0,4.2,0.7001,90.2133,0.6999,90.2309,0.9634,359.8186,0.023,91.9284,0.0228,273.1717,0.059,305.1358
225.0,4.4,0.7065,90.2241,0.7063,90.2388,0.9648,359.8485,0.0237,91.8279,0.0235,272.8915,0.0592,305.8404
225.0,4.6,0.7123,90.2346,0.7121,90.2469,0.9663,359.872,0.024,91.7602,0.0238,272.6875,0.0594,306.5128
225.0,4.8,0.7176,90.245,0.7173,90.2551,0.9679,359.8907,0.0239,91.7143,0.0238,272.5333,0.0595,307.1572
225.0,5.0,0.7224,90.2552,0.7221,90.2634,0.9695,359.9059,0.0237,91.6839,0.0235,272.4137,0.0597,307.777
225.0,5.2,0.7267,90.2654,0.7265,90.2717,0.9711,359.9183,0.0233,91.6647,0.0231,272.3188,0.0598,308.375
225.0,5.4,0.7307,90.2754,0.7304,90.2801,0.9726,359.9285,0.0228,91.6542,0.0226,272.2424,0.0599,308.9537
225.0,5.6,0.7343,90.2853,0.7341,90.2885,0.974,359.9371,0.0222,91.6504,0.0221,272.1799,0.06,309.5152
225.0,5.8,0.7377,90.2951,0.7374,90.2969,0.9754,359.9443,0.0216,91.652,0.0214,272.1283,0.0601,310.0611
225.0,6.0,0.7407,90.3049,0.7405,90.3054,0.9766,359.9504,0.0209,91.6579,0.0208,272.0853,0.0601,310.593
225.0,6.25,0.7442,90.317,0.744,90.316,0.9781,359.9568,0.0201,91.6704,0.0199,272.0409,0.0602,311.2403
225.0,6.5,0.7473,90.329,0.7471,90.3267,0.9795,359.9622,0.0192,91.6874,0.0191,272.0049,0.0603,311.8699
225.0,7.0,0.7528,90.3529,0.7525,90.3481,0.9819,359.9705,0.0176,91.732,0.0174,271.9506,0.0604,313.0836
225.0,7.25,0.7551,90.3647,0.7549,90.3589,0.983,359.9737,0.0168,91.7585,0.0166,271.93,0.0604,313.6706
225.0,7.5,0.7573,90.3765,0.757,90.3696,0.984,359.9765,0.016,91.7873,0.0159,271.9125,0.0605,314.246
225.0,7.75,0.7592,90.3883,0.759,90.3804,0.9849,359.9789,0.0153,91.818,0.0151,271.8976,0.0605,314.8109
225.0,8.0,0.761,90.4,0.7608,90.3912,0.9857,359.981,0.0146,91.8504,0.0145,271.8846,0.0606,315.3661
225.0,8.25,0.7627,90.4117,0.7624,90.4021,0.9865,359.9828,0.0139,91.8843,0.0138,271.8731,0.0606,315.9126
225.0,8.5,0.7642,90.4234,0.764,90.4129,0.9872,359.9844,0.0133,91.9195,0.0132,271.8628,0.0606,316.4508
225.0,8.75,0.7656,90.4351,0.7654,90.4238,0.9878,359.9858,0.0127,91.9558,0.0126,271.8534,0.0606,316.9816
225.0,9.0,0.7668,90.4468,0.7666,90.4347,0.9885,359.987,0.0122,91.9932,0.0121,271.8445,0.0607,317.5054
225.0,9.25,0.768,90.4584,0.7678,90.4455,0.989,359.9881,0.0117,92.0316,0.0115,271.8361,0.0607,318.0228
225.0,9.5,0.7691,90.4701,0.7689,90.4565,0.9896,359.9891,0.0112,92.0708,0.011,271.8279,0.0607,318.5341
225.0,9.75,0.7702,90.4817,0.77,90.4674,0.9901,359.9899,0.0107,92.1107,0.0106,271.8198,0.0607,319.0397
225.0,10.0,0.7711,90.4933,0.7709,90.4783,0.9905,359.9907,0.0103,92.1513,0.0101,271.8115,0.0607,319.5401
225.0,10.5,0.7728,90.5165,0.7726,90.5002,0.9913,359.9921,0.0095,92.2345,0.0093,271.7943,0.0607,320.5262
225.0,11.0,0.7743,90.5396,0.7741,90.5221,0.9921,359.9931,0.0087,92.3197,0.0086,271.7754,0.0607,321.4946
225.0,11.5,0.7756,90.5627,0.7754,90.544,0.9927,359.994,0.0081,92.4067,0.008,271.7543,0.0607,322.4471
225.0,12.0,0.7767,90.5858,0.7765,90.5659,0.9933,359.9948,0.0075,92.4952,0.0074,271.7305,0.0607,323.3851
225.0,13.0,0.7786,90.6318,0.7784,90.6098,0.9943,359.996,0.0065,92.676,0.0064,271.6728,0.0607,325.2229
225.0,14.0,0.7801,90.6777,0.7799,90.6536,0.995,359.9968,0.0057,92.8606,0.0056,271.6,0.0606,327.0157
225.0,15.0,0.7812,90.7234,0.7811,90.6974,0.9956,359.9974,0.005,93.0481,0.0049,271.5104,0.0605,328.7692
225.0,16.0,0.7821,90.7689,0.782,90.7411,0.9962,359.9979,0.0044,93.2378,0.0043,271.4029,0.0604,330.4874
225.0,17.0,0.7829,90.8142,0.7827,90.7846,0.9966,359.9983,0.0039,93.4291,0.0038,271.2768,0.0603,332.1737
225.0,18.0,0.7834,90.8593,0.7833,90.828,0.997,359.9986,0.0035,93.6215,0.0034,271.1318,0.0602,333.8302
225.0,19.0,0.7839,90.9042,0.7838,90.8712,0.9973,359.9988,0.0032,93.8148,0.0031,270.9678,0.06,335.4587
225.0,20.0,0.7843,90.9488,0.7842,90.9142,0.9975,359.999,0.0029,94.0085,0.0028,270.785,0.0598,337.0608
225.0,40.0,0.7828,91.7671,0.783,91.7084,0.9994,359.9999,0.0007,97.7841,0.0007,264.4878,0.0534,4.4651
270.0,0.5,0.0002,306.1747,0.0506,95.2105,0.0055,79.0923,0.0679,274.7413,0.0002,306.1859,0.001,76.125
270.0,0.6,0.0004,305.1258,0.1244,78.8313,0.0141,49.9691,0.1594,258.7843,0.0005,306.1031,0.0018,42.8738
270.0,0.7,0.0007,327.9625,0.2309,77.63,0.0257,31.1666,0.279,257.7313,0.0008,329.5185,0.003,26.4832
270.0,0.8,0.0008,356.7104,0.3372,81.583,0.0411,19.2772,0.3797,261.6972,0.001,358.7252,0.0044,17.517
270.0,0.9,0.0008,21.9346,0.4233,85.1984,0.0594,12.002,0.4383,265.2904,0.0009,24.3295,0.006,12.1928
270.0,1.0,0.0007,40.9211,0.4908,87.4462,0.0787,7.3315,0.4609,267.5053,0.0008,43.6128,0.0078,8.9286
270.0,1.2,0.0005,63.9706,0.5899,89.3866,0.1097,1.2406,0.4393,269.3667,0.0005,67.0588,0.0113,5.5361
270.0,1.4,0.0004,75.7188,0.6601,89.9556,0.1088,353.7254,0.3737,269.8334,0.0004,79.2496,0.0147,4.1389
270.0,1.6,0.0003,82.2249,0.713,90.1118,0.0533,294.7343,0.2964,269.8376,0.0003,86.6801,0.0179,3.7811
270.0,1.8,0.0003,86.2465,0.7555,90.137,0.4155,213.9164,0.2238,269.5882,0.0002,92.4887,0.0211,4.8129
270.0,2.0,0.0002,88.5354,0.7922,90.228,3.4046,278.4912,0.1649,270.2583,0.0002,96.1253,0.0211,20.0266
270.0,2.2,0.0002,90.7077,0.8207,90.206,1.5957,349.6135,0.1107,269.9323,0.0002,100.6722,0.0213,2.7601
270.0,2.4,0.0002,92.4405,0.8473,90.1844,1.1894,356.1169,0.0717,269.2556,0.0001,106.2691,0.0236,2.3247
270.0,2.6,0.0002,93.8749,0.871,90.1786,1.0633,357.9718,0.0421,268.316,0.0001,111.843,0.0251,2.4258
270.0,2.8,0.0002,95.1269,0.892,90.1789,1.01,358.7599,0.0199,266.0324,0.0001,117.5039,0.0263,2.5821
270.0,3.0,0.0002,96.2456,0.9109,90.1824,0.9845,359.1677,0.0037,247.0937,0.0001,123.1593,0.0272,2.7504
270.0,3.2,0.0002,97.2573,0.9278,90.188,0.9717,359.4056,0.0088,99.5201,0.0001,128.6767,0.0279,2.9227
270.0,3.4,0.0002,98.1786,0.9429,90.195,0.9655,359.5563,0.0174,94.7345,0.0001,133.9334,0.0286,3.0969
270.0,3.6,0.0002,99.0209,0.9566,90.2027,0.9628,359.6576,0.0236,93.4236,0.0001,138.8384,0.0291,3.2719
270.0,3.8,0.0002,99.7934,0.9689,90.211,0.962,359.7288,0.0278,92.818,0.0001,143.3392,0.0296,3.4475
270.0,4.0,0.0001,100.5033,0.9799,90.2196,0.9624,359.7808,0.0307,92.4741,0.0001,147.4181,0.03,3.6234
270.0,4.2,0.0001,101.1572,0.9899,90.2284,0.9634,359.8197,0.0325,92.2563,0.0001,151.0833,0.0303,3.7995
270.0,4.4,0.0001,101.7608,0.999,90.2374,0.9648,359.8496,0.0334,92.1092,0.0001,154.36,0.0306,3.9757
270.0,4.6,0.0001,102.3193,1.0072,90.2464,0.9663,359.873,0.0339,92.0058,0.0001,157.282,0.0309,4.1521
270.0,4.8,0.0001,102.8371,1.0146,90.2555,0.9679,359.8916,0.0338,91.9315,0.0001,159.8868,0.0311,4.3285
270.0,5.0,0.0001,103.3184,1.0213,90.2647,0.9695,359.9067,0.0335,91.8776,0.0001,162.2112,0.0313,4.5049
270.0,5.2,0.0001,103.7668,1.0275,90.2738,0.9711,359.919,0.0329,91.8385,0.0001,164.2899,0.0315,4.6813
270.0,5.4,0.0001,104.1856,1.0331,90.283,0.9726,359.9292,0.0322,91.8108,0.0001,166.1543,0.0317,4.8578
270.0,5.6,0.0001,104.5777,1.0383,90.2922,0.974,359.9377,0.0314,91.7917,0.0001,167.832,0.0318,5.0342
270.0,5.8,0.0001,104.9458,1.043,90.3013,0.9753,359.9449,0.0305,91.7796,0.0001,169.3472,0.032,5.2107
270.0,6.0,0.0001,105.2921,1.0473,90.3105,0.9766,359.951,0.0295,91.7731,0.0001,170.7211,0.0321,5.387
270.0,6.25,0.0001,105.6975,1.0522,90.3219,0.9781,359.9574,0.0283,91.7715,0.0001,172.2668,0.0322,5.6075
270.0,6.5,0.0001,106.0757,1.0567,90.3334,0.9795,359.9627,0.0271,91.7756,0.0001,173.6494,0.0323,5.8278
270.0,7.0,0.0001,106.7622,1.0644,90.3563,0.9819,359.9709,0.0248,91.7973,0.0001,176.0197,0.0325,6.2683
270.0,7.25,0.0001,107.0755,1.0677,90.3678,0.983,359.9741,0.0237,91.8135,0.0001,177.0447,0.0326,6.4883
270.0,7.5,0.0001,107.3716,1.0707,90.3793,0.984,359.9769,0.0226,91.8324,0.0001,177.9827,0.0327,6.7082
270.0,7.75,0.0001,107.6523,1.0735,90.3907,0.9849,359.9792,0.0216,91.8537,0.0001,178.8456,0.0327,6.928
270.0,8.0,0.0001,107.9191,1.076,90.4022,0.9857,359.9813,0.0206,91.8771,0.0001,179.6431,0.0328,7.1477
270.0,8.25,0.0001,108.1734,1.0784,90.4137,0.9865,359.9831,0.0197,91.9024,0.0001,180.3837,0.0328,7.3671
270.0,8.5,0.0001,108.4163,1.0805,90.4252,0.9872,359.9846,0.0188,91.9292,0.0001,181.0745,0.0329,7.5864
270.0,8.75,0.0001,108.6489,1.0825,90.4367,0.9878,359.986,0.018,91.9575,0.0001,181.7214,0.0329,7.8056
270.0,9.0,0.0001,108.8721,1.0843,90.4481,0.9885,359.9872,0.0172,91.987,0.0001,182.3296,0.0329,8.0245
270.0,9.25,0.0001,109.0866,1.086,90.4596,0.989,359.9883,0.0165,92.0176,0.0001,182.9035,0.0329,8.2432
270.0,9.5,0.0001,109.2933,1.0875,90.4711,0.9896,359.9893,0.0158,92.0493,0.0001,183.447,0.033,8.4618
270.0,9.75,0.0001,109.4928,1.089,90.4826,0.9901,359.9901,0.0151,92.0819,0.0001,183.9633,0.033,8.6801
270.0,10.0,0.0001,109.6855,1.0903,90.4941,0.9905,359.9909,0.0145,92.1153,0.0001,184.4553,0.033,8.8982
270.0,10.5,0.0001,110.0529,1.0927,90.5171,0.9913,359.9922,0.0134,92.1843,0.0001,185.3759,0.033,9.3337
270.0,11.0,0.0001,110.399,1.0948,90.5401,0.9921,359.9933,0.0123,92.2559,0.0001,186.2253,0.033,9.7682
270.0,11.5,0.0001,110.7266,1.0966,90.5631,0.9927,359.9942,0.0114,92.3295,0.0001,187.0162,0.033,10.2016
270.0,12.0,0.0001,111.0378,1.0983,90.5861,0.9933,359.9949,0.0106,92.405,0.0001,187.7586,0.033,10.634
270.0,13.0,0.0001,111.6184,1.1009,90.6321,0.9942,359.9961,0.0092,92.5602,0.0001,189.1275,0.033,11.4952
270.0,14.0,0.0001,112.1518,1.103,90.6779,0.995,359.9969,0.008,92.72,0.0001,190.3782,0.033,12.3514
270.0,15.0,0.0001,112.646,1.1046,90.7236,0.9956,359.9975,0.007,92.8832,0.0001,191.5412,0.0329,13.2022
270.0,16.0,0.0001,113.1064,1.1059,90.7692,0.9962,359.998,0.0062,93.0489,0.0001,192.6371,0.0328,14.0472
270.0,17.0,0.0001,113.537,1.107,90.8146,0.9966,359.9983,0.0056,93.2166,0.0001,193.6804,0.0327,14.8862
270.0,18.0,0.0001,113.9408,1.1078,90.8598,0.997,359.9986,0.005,93.3856,0.0001,194.6814,0.0326,15.7188
270.0,19.0,0.0001,114.3201,1.1084,90.9048,0.9973,359.9988,0.0045,93.5557,0.0001,195.6475,0.0325,16.5447
270.0,20.0,0.0001,114.6766,1.1089,90.9495,0.9975,359.999,0.0041,93.7265,0.0001,196.5843,0.0324,17.3637
270.0,40.0,0.0001,118.2948,1.1068,91.7706,0.9994,359.9999,0.001,97.0558,0.0001,211.9711,0.0289,32.0165
315.0,0.5,0.0359,277.2518,0.0356,96.428,0.0067,80.1712,0.0477,276.2713,0.0482,277.2566,0.0038,234.7162
315.0,0.6,0.0884,258.7885,0.0877,78.7359,0.0139,48.4944,0.1123,258.9756,0.1134,258.7784,0.0193,90.4174
315.0,0.7,0.1642,257.3539,0.1633,77.3122,0.0252,28.8389,0.1973,257.5262,0.1986,257.297,0.0344,84.9352
315.0,0.8,0.2391,261.3491,0.2387,81.3108,0.0407,17.5438,0.2688,261.4659,0.2695,261.2446,0.0427,82.3909
315.0,0.9,0.2996,264.9909,0.2997,85.006,0.0591,10.8441,0.3104,265.1109,0.3103,264.8374,0.0469,80.4792
315.0,1.0,0.347,267.2536,0.3475,87.3194,0.0784,6.5361,0.3264,267.3815,0.3259,267.0489,0.0492,78.648
315.0,1.2,0.4169,269.2269,0.4175,89.3331,0.1095,0.7711,0.3111,269.3161,0.3104,268.9093,0.0518,75.1038
315.0,1.4,0.4664,269.8303,0.467,89.9328,0.1086,353.2944,0.2646,269.8218,0.2639,269.3736,0.0537,72.027
315.0,1.6,0.5039,270.0178,0.5044,90.1014,0.0539,294.0932,0.2098,269.8436,0.2091,269.3777,0.0556,69.5983
315.0,1.8,0.5337,270.0746,0.5344,90.1275,0.4164,214.0533,0.1586,269.5666,0.1575,269.1789,0.0584,68.0378
315.0,2.0,0.5587,270.0617,0.5608,90.2378,3.4021,278.5363,0.118,270.4071,0.1137,268.6693,0.06,76.5701
315.0,2.2,0.5803,270.1033,0.5805,90.2295,1.596,349.6113,0.0785,270.3677,0.0784,268.3209,0.0549,67.0784
315.0,2.4,0.5991,270.1133,0.5993,90.2014,1.1896,356.1161,0.0508,269.7455,0.0509,267.4852,0.0568,65.3692
315.0,2.6,0.6158,270.1224,0.616,90.1928,1.0634,357.9706,0.0299,269.0115,0.0299,265.8739,0.0578,64.6133
315.0,2.8,0.6307,270.1323,0.6309,90.1911,1.01,358.7585,0.0142,267.3115,0.0143,261.7022,0.0585,64.16
315.0,3.0,0.644,270.1429,0.6442,90.1929,0.9845,359.1662,0.0026,253.2828,0.0032,231.6815,0.059,63.8784
315.0,3.2,0.656,270.1539,0.6562,90.197,0.9718,359.4041,0.0061,97.3994,0.0063,107.0995,0.0593,63.7144
315.0,3.4,0.6667,270.165,0.6669,90.2025,0.9655,359.5549,0.0122,93.7692,0.0123,98.2108,0.0595,63.6372
315.0,3.6,0.6764,270.1762,0.6765,90.209,0.9628,359.6563,0.0166,92.79,0.0166,95.741,0.0597,63.6268
315.0,3.8,0.685,270.1873,0.6852,90.2161,0.962,359.7276,0.0196,92.3426,0.0196,94.5998,0.0597,63.6688
315.0,4.0,0.6929,270.1982,0.693,90.2235,0.9624,359.7796,0.0216,92.0924,0.0216,93.9516,0.0598,63.7529
315.0,4.2,0.6999,270.209,0.7001,90.2313,0.9634,359.8187,0.0229,91.9372,0.0229,93.5399,0.0598,63.8713
315.0,4.4,0.7063,270.2196,0.7065,90.2393,0.9648,359.8486,0.0236,91.8354,0.0236,93.2601,0.0597,64.0178
315.0,4.6,0.7121,270.2301,0.7123,90.2474,0.9663,359.8721,0.0239,91.7668,0.0238,93.0614,0.0597,64.1877
315.0,4.8,0.7174,270.2404,0.7175,90.2556,0.9679,359.8908,0.0239,91.7204,0.0238,92.9162,0.0596,64.3772
315.0,5.0,0.7222,270.2506,0.7223,90.2639,0.9695,359.9059,0.0237,91.6895,0.0236,92.8082,0.0595,64.5833
315.0,5.2,0.7265,270.2607,0.7267,90.2722,0.9711,359.9183,0.0233,91.67,0.0232,92.7273,0.0594,64.8036
315.0,5.4,0.7305,270.2706,0.7306,90.2806,0.9726,359.9286,0.0228,91.6592,0.0227,92.6665,0.0592,65.0359
315.0,5.6,0.7341,270.2805,0.7343,90.2891,0.974,359.9371,0.0222,91.6552,0.0221,92.6214,0.0591,65.2787
315.0,5.8,0.7375,270.2903,0.7376,90.2975,0.9754,359.9443,0.0215,91.6566,0.0214,92.5885,0.0589,65.5305
315.0,6.0,0.7405,270.3,0.7407,90.306,0.9766,359.9505,0.0209,91.6624,0.0208,92.5654,0.0588,65.7902
315.0,6.25,0.744,270.3121,0.7442,90.3167,0.9781,359.9569,0.02,91.6747,0.0199,92.5477,0.0586,66.1245
315.0,6.5,0.7472,270.3241,0.7473,90.3274,0.9795,359.9622,0.0192,91.6916,0.0191,92.5399,0.0584,66.468
315.0,7.0,0.7526,270.3479,0.7527,90.3488,0.9819,359.9705,0.0175,91.7361,0.0174,92.5468,0.058,67.1776
315.0,7.25,0.7549,270.3598,0.7551,90.3596,0.983,359.9738,0.0167,91.7626,0.0166,92.559,0.0578,67.5418
315.0,7.5,0.7571,270.3716,0.7572,90.3704,0.984,359.9765,0.016,91.7913,0.0159,92.5756,0.0575,67.911
315.0,7.75,0.759,270.3833,0.7592,90.3812,0.9849,359.9789,0.0153,91.822,0.0151,92.5961,0.0573,68.2847
315.0,8.0,0.7608,270.3951,0.761,90.392,0.9857,359.981,0.0146,91.8544,0.0145,92.6198,0.0571,68.6624
315.0,8.25,0.7625,270.4068,0.7626,90.4029,0.9865,359.9828,0.0139,91.8883,0.0138,92.6463,0.0569,69.0435
315.0,8.5,0.764,270.4185,0.7641,90.4138,0.9872,359.9844,0.0133,91.9235,0.0132,92.6752,0.0567,69.4276
315.0,8.75,0.7654,270.4302,0.7655,90.4247,0.9878,359.9858,0.0127,91.9599,0.0126,92.7062,0.0565,69.8144
315.0,9.0,0.7667,270.4418,0.7668,90.4356,0.9885,359.987,0.0122,91.9973,0.012,92.739,0.0562,70.2035
315.0,9.25,0.7679,270.4535,0.768,90.4465,0.989,359.9881,0.0117,92.0356,0.0115,92.7733,0.056,70.5947
315.0,9.5,0.769,270.4651,0.7691,90.4574,0.9896,359.9891,0.0112,92.0749,0.011,92.809,0.0558,70.9877
315.0,9.75,0.77,270.4767,0.7701,90.4684,0.9901,359.99,0.0107,92.1148,0.0106,92.8459,0.0556,71.3823
315.0,10.0,0.7709,270.4884,0.7711,90.4793,0.9905,359.9907,0.0103,92.1555,0.0101,92.8838,0.0553,71.7784
315.0,10.5,0.7727,270.5116,0.7728,90.5012,0.9913,359.9921,0.0094,92.2387,0.0093,92.9623,0.0549,72.5741
315.0,11.0,0.7741,270.5347,0.7743,90.5232,0.9921,359.9932,0.0087,92.3241,0.0086,93.0433,0.0545,73.3735
315.0,11.5,0.7754,270.5579,0.7756,90.5451,0.9927,359.9941,0.0081,92.4112,0.0079,93.1263,0.054,74.1759
315.0,12.0,0.7766,270.581,0.7767,90.5671,0.9933,359.9948,0.0075,92.4998,0.0073,93.2106,0.0536,74.9802
315.0,13.0,0.7784,270.6271,0.7786,90.6111,0.9942,359.996,0.0065,92.6809,0.0063,93.3812,0.0527,76.5925
315.0,14.0,0.7799,270.6731,0.7801,90.655,0.995,359.9968,0.0057,92.8658,0.0055,93.5516,0.0519,78.2061
315.0,15.0,0.7811,270.7189,0.7813,90.6989,0.9956,359.9974,0.005,93.0536,0.0048,93.7195,0.051,79.8177
315.0,16.0,0.782,270.7645,0.7822,90.7427,0.9962,359.9979,0.0044,93.2436,0.0043,93.8829,0.0501,81.4251
315.0,17.0,0.7827,270.81,0.7829,90.7863,0.9966,359.9983,0.0039,93.4352,0.0038,94.04,0.0493,83.0263
315.0,18.0,0.7833,270.8552,0.7835,90.8297,0.997,359.9986,0.0035,93.628,0.0034,94.1896,0.0484,84.6196
315.0,19.0,0.7838,270.9001,0.784,90.873,0.9973,359.9988,0.0032,93.8216,0.003,94.3306,0.0475,86.204
315.0,20.0,0.7841,270.9449,0.7844,90.9161,0.9975,359.999,0.0029,94.0157,0.0027,94.4621,0.0467,87.7784
315.0,40.0,0.7827,271.7656,0.7832,91.7119,0.9994,359.9999,0.0007,97.7984,0.0006,94.669,0.0309,116.5644